GPU,  WT_max, FOM
1,    8.542,  0.1170686
4,    3.053,  0.32754668
