GPU, GPU stacks, WT_max(s), WT_max(h), FOM
1,   1,   146.492,   0.040692222, 24.5747208
1,   2,   82.05,     0.022791667, 43.87568556
2,   4,   41.956,    0.011654444, 85.8041758
4,   8,   21.857,    0.006071389, 164.7069589