GPU,   WT_max(s), WT_max(h), FOM
1,    73.025,    0.020284722, 49.29818555
4,    21.305,    0.005918056, 168.9744192
