GPU, GPU stacks, WT_max(s), WT_max(h), FOM
1,   1,   185.133,   0.051425833, 19.44547974
1,   2,   93.496,    0.025971111, 38.50432104
3,   6,   32.328,    0.00898,     111.3585746
6,   12,  18.267,    0.005074167, 197.0766957