GPU, GPU stacks, WT_max, FOM
1,   1,   24.986,  0.04002241
1,   2,   12.675,  0.07889546
6,   12,  2.374,   0.42122999